Date,Prev Close,OPEN,HIGH,LOW,Last Price,close,Average Price,Total Traded Quantity,Turnover,No. of Trades,Deliverable Qty,% Dly Qt to Traded Qty
17-Dec-20,2814.2,2811,2853.7,2805,2848.7,2838.2,2823.94,2863460,8086236717,121983,1423130,49.7
18-Dec-20,2838.2,2868,2898,2846.2,2851.95,2861,2873.74,6076692,17462837840,178840,2436219,40.09
21-Dec-20,2861,2861,2886.5,2785,2810,2820.15,2853.21,2705195,7718476166,141821,887083,32.79
22-Dec-20,2820.15,2834,2883.65,2818.65,2870.65,2872.5,2848.13,2881737,8207569107,158517,1123581,38.99
23-Dec-20,2872.5,2876.05,2919,2865.45,2907.15,2908.75,2904.67,2790988,8106911741,125341,947547,33.95
24-Dec-20,2908.75,2909,2921.35,2883.2,2908.95,2909.35,2902.86,1807144,5245886550,76405,569310,31.5
28-Dec-20,2909.35,2910,2949.7,2902,2932.1,2929.4,2929.11,2108994,6177467465,106481,717415,34.02
29-Dec-20,2929.4,2920,2952,2920,2935,2930.5,2937.59,1994151,5857996377,99597,926286,46.45
30-Dec-20,2930.5,2934.4,2947.7,2902,2910,2909.3,2918,2637968,7697596027,87612,1441442,54.64
31-Dec-20,2909.3,2900,2905,2845,2864.95,2862.75,2874.36,4040956,11615170402,130170,2350220,58.16
01-Jan-21,2862.75,2880,2940,2879,2932,2928.25,2913.52,2681440,7812435140,88216,504010,18.8
04-Jan-21,2928.25,2950,3050.75,2940.95,3042.7,3039.45,2998.15,5113293,15330405224,207562,1182335,23.12
05-Jan-21,3039.45,3039.6,3114.25,3039.6,3090.65,3093,3084.07,5801309,17891634395,202735,1554550,26.8
06-Jan-21,3093,3100,3113.5,3037.2,3053,3051.5,3078.56,3726716,11472936907,172084,1054841,28.3
07-Jan-21,3051.5,3075,3080.85,3000.25,3048.65,3032.8,3028.74,3717827,11260321904,167700,1490971,40.1
08-Jan-21,3032.8,3090,3128,3060,3122.75,3120.9,3100.97,5879039,18230717039,214010,1754802,29.85
11-Jan-21,3120.9,3230,3230,3146.55,3170.45,3176.45,3174.16,9508039,30180045841,294091,3153741,33.17
12-Jan-21,3176.45,3176.45,3210,3150,3172,3174.85,3187.07,3611458,11509972777,142696,1656842,45.88
13-Jan-21,3174.85,3175,3177,3126.25,3158,3158.95,3147.46,3572801,11245261941,189690,1857249,51.98
14-Jan-21,3158.95,3155,3266.5,3120.4,3244.35,3250.7,3207.17,6931542,22230611264,276953,3067056,44.25
15-Jan-21,3250.7,3235,3274,3210,3229.95,3233.35,3240.98,4131692,13390734931,193972,1959292,47.42
18-Jan-21,3233.35,3250,3256.75,3187.4,3215,3221.75,3230.06,4160906,13439989257,195067,2204487,52.98
19-Jan-21,3221.75,3233,3279,3232,3265.6,3260.7,3256.44,2975735,9690307983,135064,1409143,47.35
20-Jan-21,3260.7,3270,3327.95,3267.1,3305,3308.8,3304.97,3453446,11413530807,169490,1498128,43.38
21-Jan-21,3308.8,3305,3309.15,3262.1,3274.05,3273.85,3281.88,2778546,9118852662,134629,1222458,44
22-Jan-21,3273.85,3241.9,3325,3241.9,3292.2,3303.1,3300.02,3052459,10073163826,120993,1419347,46.5
25-Jan-21,3303.1,3308.95,3339.8,3278.65,3298,3291.3,3314.24,2272887,7532889906,122553,1208668,53.18
27-Jan-21,3291.3,3300,3306.45,3227,3263,3261.05,3265.48,2786662,9099782354,175811,1396514,50.11
28-Jan-21,3261.05,3230,3275,3183.8,3202.95,3196.55,3221.23,3083938,9934065466,154535,1689185,54.77
29-Jan-21,3196.55,3210.05,3216.85,3100,3126.95,3111.35,3142.99,5445659,17115646045,185207,3601765,66.14
01-Feb-21,3111.35,3100,3165,3044.1,3150,3139.35,3098.04,3985846,12348318213,280031,2125201,53.32
02-Feb-21,3139.35,3174,3224,3150,3195,3203.45,3197.36,2881837,9214282428,114024,1461083,50.7
03-Feb-21,3203.45,3213,3236,3162.65,3200,3200.05,3209.5,2505866,8042581724,116096,916858,36.59
04-Feb-21,3200.05,3216.05,3237.85,3176,3185.5,3188.45,3198.51,2057261,6580160005,105804,994481,48.34
05-Feb-21,3188.45,3198.95,3205.85,3129,3160.5,3157.95,3154.91,2366135,7464932898,143150,992928,41.96
08-Feb-21,3157.95,3189.5,3226,3155.15,3219,3214.1,3191.08,2526592,8062547698,155790,1160977,45.95
09-Feb-21,3214.1,3195,3245.8,3164,3176,3176.9,3212.7,2658751,8541775943,171299,1305574,49.1
10-Feb-21,3176.9,3185,3219.4,3157.3,3215.5,3213.3,3197.06,2127983,6803289931,115813,713331,33.52
11-Feb-21,3213.3,3215,3219.3,3185.05,3204.5,3206,3201.77,1165882,3732884249,53910,466871,40.04
12-Feb-21,3206,3184.2,3245.5,3182,3188.25,3190.8,3214.96,2777404,8929253698,113414,872187,31.4
15-Feb-21,3190.8,3209,3209,3131.55,3149,3139.85,3156.8,2630853,8305069201,143467,1214830,46.18
16-Feb-21,3139.85,3150,3167.65,3100,3113,3108.8,3122.98,3435770,10729849666,171006,1651579,48.07
17-Feb-21,3108.8,3105.1,3132.85,3045.55,3073.45,3073.1,3076.93,3678426,11318262125,204277,1516981,41.24
18-Feb-21,3073.1,3065,3097.9,3031,3055,3057.35,3057.94,4189909,12812510327,176370,2042317,48.74
19-Feb-21,3057.35,3058,3087.15,3016.15,3078,3071.85,3047.73,3725028,11352887528,130797,1878814,50.44
22-Feb-21,3071.85,3096,3096,2943.15,2955.5,2958.45,2999.26,5366696,16096121002,266786,2809615,52.35
23-Feb-21,2958.45,2970,3028,2968,2985.1,2980.2,2996.35,3832829,11484513631,192941,1770672,46.2
24-Feb-21,2980.2,2972,3003.35,2921.15,2946.85,2948.1,2946.07,3774549,11120081887,132336,2336704,61.91
25-Feb-21,2948.1,2974,3029.9,2968.45,2985.05,2995.3,3000.62,4224073,12674849320,223397,2152055,50.95
26-Feb-21,2995.3,2960,2972.35,2880,2903.85,2894.3,2916.68,5553153,16196777083,348532,2860279,51.51
01-Mar-21,2894.3,2926,2965,2901.8,2935.5,2924.2,2929.39,3265871,9567012658,170820,1676148,51.32
02-Mar-21,2924.2,2960,3025,2948,3019,3006.35,2981.6,3306469,9858560232,186577,1407212,42.56
03-Mar-21,3006.35,3035,3064,2996.9,3058,3059.1,3036.11,3509857,10656315248,183148,2032166,57.9
04-Mar-21,3059.1,3023,3081.45,3016.05,3042.9,3049.7,3058.77,3916760,11980483432,174500,2035315,51.96
05-Mar-21,3049.7,3016.1,3063.2,2996.6,3025,3008.05,3033.92,3203686,9719719834,127882,1390830,43.41
08-Mar-21,3008.05,3016,3033,2996,3008.7,3006.95,3016.64,2003125,6042702432,113743,842670,42.07
09-Mar-21,3006.95,3006.95,3066.9,2992.1,3060.5,3050.95,3023.94,1942397,5873698966,133488,1020339,52.53
10-Mar-21,3050.95,3075,3093.2,3060,3070,3070.95,3077.29,3053778,9397359901,164340,1631893,53.44
12-Mar-21,3070.95,3075,3117,3041.35,3053.1,3057.95,3084.2,2938317,9062343314,128801,1465667,49.88
15-Mar-21,3057.95,3041,3099,3041,3062.05,3066.15,3069.74,3097140,9507410762,138642,1677136,54.15
16-Mar-21,3066.15,3060,3141,3060,3106,3110.05,3114.11,4894756,15242817602,190871,2441085,49.87
17-Mar-21,3110.05,3105,3155,3085.3,3107.4,3112.95,3130.14,3838390,12014711142,183445,1776834,46.29
18-Mar-21,3112.95,3125.95,3146.45,2987.05,3042,3036.5,3083.67,3656306,11274828058,164183,1670043,45.68
19-Mar-21,3036.5,3030,3099,3005,3054.8,3050.2,3049.18,5776626,17613985030,153489,3138698,54.33
22-Mar-21,3050.2,3048.7,3139.45,3018.65,3128,3129.65,3086.03,2821646,8707678923,137406,1165276,41.3
23-Mar-21,3129.65,3140,3169,3122.85,3142,3142.6,3148.33,3305973,10408299727,167131,1615396,48.86
24-Mar-21,3142.6,3111.2,3152.3,3111.15,3123.6,3121.1,3130.63,2207104,6909631859,110682,930779,42.17
25-Mar-21,3121.1,3112.2,3130.85,3050,3074.5,3064.85,3091.11,3179786,9829064108,153808,1567362,49.29
26-Mar-21,3064.85,3090.65,3118,3043.05,3062,3066.8,3078.97,3697370,11384084592,201134,1512152,40.9
30-Mar-21,3066.8,3083,3188.45,3060.9,3172,3158.55,3139.65,4694261,14738334444,191356,2277177,48.51
31-Mar-21,3158.55,3155,3205,3132,3175.3,3177.85,3177.88,3530069,11218135153,156653,1236712,35.03
01-Apr-21,3177.85,3191.1,3215,3145,3167,3165,3178.41,4285076,13619743475,154796,2256615,52.66
05-Apr-21,3165,3171,3263,3151,3241,3238.9,3206.75,5317862,17053050940,229667,2518855,47.37
06-Apr-21,3238.9,3275,3275,3230,3266.5,3264.7,3254.36,2291562,7457570557,109190,834510,36.42
07-Apr-21,3264.7,3259,3277.55,3234.8,3271,3271.4,3258.05,2491268,8116666258,122792,1125695,45.19
08-Apr-21,2015.05,3271.4,3271.4,3271.4,3271.4,3271.4,3271.4,433408,1417850931,1,-,-
08-Apr-21,3271.4,3270,3335,3266.05,3315,3317.35,3314.03,2578118,8543956094,142722,987260,38.29
09-Apr-21,3317.35,3354,3354.35,3308,3325,3322.25,3327.38,2911129,9686422201,114832,1043656,35.85
12-Apr-21,3322.25,3322.25,3338.1,3213.2,3250,3246.55,3275.21,3791828,12419018301,202522,1329121,35.05
13-Apr-21,3246.55,3214,3214,3073.05,3120,3104.05,3116.13,8654596,26968883551,436638,3104217,35.87
15-Apr-21,3104.05,3160.3,3237.25,3087.45,3227,3218.95,3168.14,6062760,19207655908,219212,3038656,50.12
16-Apr-21,3218.95,3229,3247,3182.6,3186.1,3195.15,3209.11,3224657,10348287513,123918,1401641,43.47
19-Apr-21,3195.15,3169,3189,3135.1,3159.15,3161.8,3164.13,2679106,8477031168,126444,1340909,50.05
20-Apr-21,3161.8,3225,3225.35,3126.35,3140,3144.55,3150.28,3141893,9897843132,162928,1747537,55.62
22-Apr-21,3144.55,3148,3148,3105.25,3121.05,3118.8,3122.39,1988980,6210380335,172941,1191717,59.92
23-Apr-21,3118.8,3105,3119,3091.05,3110.2,3109.5,3105.86,1615309,5016930339,93127,772358,47.81
26-Apr-21,3109.5,3102.05,3153,3088.05,3100.05,3100.8,3122.35,2490260,7775464961,87012,1345353,54.02
27-Apr-21,3100.8,3106,3136.1,3103,3132.75,3132,3122.18,1471417,4594035861,97077,849767,57.75
28-Apr-21,3132,3149.95,3151,3112,3123,3124.1,3125.72,1639037,5123175757,76017,847762,51.72
29-Apr-21,3124.1,3145.6,3157.35,3105.5,3114.45,3115.25,3130.83,1621395,5076305908,98275,837567,51.66
30-Apr-21,3115.25,3099,3132.05,3020,3040,3035.65,3063.19,3072305,9411056605,157829,1942473,63.23
03-May-21,3035.65,3024.9,3055,3004,3035.85,3037,3035.65,1545831,4692605166,109575,636257,41.16
04-May-21,3037,3062.8,3090,3035,3052.9,3049.75,3061.2,1990777,6094167595,94786,912440,45.83
05-May-21,3049.75,3070,3099.4,3052.4,3095.75,3095.7,3083.22,1939289,5979255989,115524,1003404,51.74
06-May-21,3095.7,3105.5,3134,3074,3115.9,3111.45,3107.27,1791671,5567213773,72680,831131,46.39
07-May-21,3111.45,3133,3159.85,3111.8,3131,3132.9,3136.92,1912540,5999492210,94194,946390,49.48
10-May-21,3132.9,3145.95,3164.2,3125,3147,3145.5,3145.94,2137153,6723356017,100229,1258111,58.87
11-May-21,3145.5,3125,3128.1,3091.15,3120,3122.6,3111.04,2415625,7515102667,93623,1484826,61.47
12-May-21,3122.6,3120,3120,3070.6,3085.5,3087.6,3086.76,1978558,6107329662,101860,1219688,61.65
14-May-21,3087.6,3098.5,3098.5,3040,3052,3051.5,3051.89,2043935,6237862561,126572,1281535,62.7
17-May-21,3051.5,3055,3075.2,3036,3072.75,3069.75,3054.41,2890462,8828642068,98199,1759849,60.88
18-May-21,3069.75,3100,3124,3078,3089,3088.8,3097.13,2098538,6499442923,65396,1156834,55.13
19-May-21,3088.8,3084,3118,3067.1,3084.9,3082,3095.03,1986041,6146847716,112427,1244083,62.64
20-May-21,3082,3067.1,3088.8,3052.1,3060.65,3060,3065.96,2329027,7140693825,110631,1512325,64.93
21-May-21,3060,3061,3088.2,3055.1,3080.5,3080.5,3075.95,1685566,5184715065,74555,1085313,64.39
24-May-21,3080.5,3081.5,3105,3072,3082.45,3081.5,3089.42,1652260,5104527042,79516,896770,54.28
25-May-21,3081.5,3092,3128.25,3082.1,3115,3114,3111.62,1841613,5730395913,122270,902281,48.99
26-May-21,3114,3120,3165,3103.8,3158,3158.5,3143.41,1923753,6047145461,98431,937133,48.71
27-May-21,3158.5,3161.95,3217.75,3161.8,3198,3180,3189.1,5959785,19006345222,181046,3733267,62.64
28-May-21,3180,3189.5,3198,3135.65,3146.35,3143.6,3161.25,1763701,5575492889,98509,941310,53.37
31-May-21,3143.6,3150,3170.35,3128.6,3163.4,3159.15,3155.52,1652799,5215439448,86026,731415,44.25
01-Jun-21,3159.15,3168.6,3169.95,3132,3153.9,3153,3147.93,1377441,4336083045,91948,748839,54.36
02-Jun-21,3153,3150.85,3159.45,3115,3135,3129.45,3128.08,2240078,7007134475,132990,1411614,63.02
03-Jun-21,3129.45,3154.55,3154.55,3122.65,3144.9,3141.25,3136.68,1281706,4020300713,91185,617798,48.2
04-Jun-21,3141.25,3128,3156.85,3125,3138.5,3143.75,3140.46,1836060,5766071003,78503,1117232,60.85
07-Jun-21,3143.75,3145,3190.45,3133.6,3187,3183.2,3157.52,2559821,8082689476,102542,1587945,62.03
08-Jun-21,3183.2,3198,3231,3187.2,3199.35,3200.15,3212.89,2574057,8270159546,115327,1314327,51.06
09-Jun-21,3200.15,3202,3220,3186.2,3199.7,3200.25,3202.19,1710925,5478705691,75025,996569,58.25
10-Jun-21,3200.25,3210,3224,3193,3216,3216.8,3210.54,1874324,6017589512,100093,1002378,53.48
11-Jun-21,3216.8,3211.55,3309,3211,3279,3273.8,3269.42,3452954,11289168561,139241,1428491,41.37
14-Jun-21,3273.8,3279,3308.7,3270.35,3277.15,3276.35,3284.58,1847360,6067799809,82241,925400,50.09
15-Jun-21,3276.35,3298,3298,3251.55,3262,3262.75,3275.11,1304985,4273970423,96054,694189,53.2
16-Jun-21,3262.75,3262.1,3294.7,3253,3270,3274.35,3273.56,1635552,5354077782,92225,973246,59.51
17-Jun-21,3274.35,3265.5,3336.05,3260,3328,3317.75,3295.52,2273413,7492087862,131862,1308141,57.54
18-Jun-21,3317.75,3350.9,3358,3275,3303,3297.3,3312.52,3380431,11197761791,141335,1857893,54.96
21-Jun-21,3297.3,3265,3286,3251.7,3273,3273.1,3270.48,1130569,3697504601,77545,567529,50.2
22-Jun-21,3273.1,3304,3327.05,3285,3304,3301.2,3309.41,1708688,5654751061,91864,960829,56.23
23-Jun-21,3301.2,3329,3329,3256.4,3267.3,3261.4,3277.84,1467104,4808928708,97430,960116,65.44
24-Jun-21,3261.4,3284,3383,3278.5,3370,3373.6,3344.69,4155204,13897853675,191883,1837245,44.22
25-Jun-21,3373.6,3375.25,3399.65,3350,3371,3380.8,3377.11,2722861,9195412963,112139,1582890,58.13
28-Jun-21,3380.8,3391.5,3391.5,3333,3342,3336.75,3345.72,1355238,4534249770,80472,669783,49.42
29-Jun-21,3336.75,3342,3366.3,3326.5,3335.25,3340.85,3344.11,1497322,5007216161,97261,874417,58.4
30-Jun-21,3340.85,3346,3382,3338.5,3351,3345.75,3356.8,1693146,5683548099,101344,958794,56.63
01-Jul-21,3345.75,3358,3362,3332.35,3338,3341.5,3343.83,990310,3311427479,63177,590638,59.64
02-Jul-21,3341.5,3331,3339.7,3295.2,3329,3325.45,3311.83,1682274,5571406775,124870,885899,52.66
05-Jul-21,3325.45,3342,3374,3302,3328,3321,3342.14,1972858,6593560507,113655,981734,49.76
06-Jul-21,3321,3313,3328,3256.1,3273.65,3262.3,3285.26,2159420,7094262857,142732,1052180,48.73
07-Jul-21,3262.3,3275,3282.7,3241.6,3275.85,3274.95,3264.79,2640710,8621356119,119862,1398154,52.95
08-Jul-21,3274.95,3298,3298,3231.9,3253,3258.5,3264.38,2485811,8114642972,159147,1154747,46.45
09-Jul-21,3258.5,3250,3282,3201,3211.8,3208.15,3232.37,6365067,20574274921,321370,2125726,33.4
12-Jul-21,3208.15,3235,3236,3188.35,3198.4,3193.1,3212.9,1892226,6079523669,136133,960804,50.78
13-Jul-21,3193.1,3214,3214,3175,3190.4,3187.55,3192.6,1809339,5776498374,119046,1151250,63.63
14-Jul-21,3187.55,3187,3222,3185,3214.4,3214.55,3207.79,2044279,6557620557,121236,1175668,57.51
15-Jul-21,3214.55,3227.6,3231.85,3194,3201.9,3202.95,3207.01,2232968,7161160396,134474,1419357,63.56
16-Jul-21,3202.95,3213,3219.85,3192,3194.5,3194.8,3202.38,1256526,4023879475,90365,762190,60.66
19-Jul-21,3194.8,3180,3199.8,3176,3184.9,3184.6,3185.26,1597058,5087041969,78047,1033190,64.69
20-Jul-21,3184.6,3184.6,3215,3156.15,3203.85,3205.8,3187.48,1811945,5775540904,132943,1090944,60.21
22-Jul-21,3205.8,3190,3224.95,3190,3214.7,3216.35,3212.15,2859334,9184601701,121867,1999067,69.91
23-Jul-21,3216.35,3230,3241.55,3206.65,3210,3212.85,3225.77,1776193,5729596472,100269,1119762,63.04
26-Jul-21,3212.85,3200,3224.25,3190.85,3200.35,3197.55,3205.52,1259611,4037709192,87600,760050,60.34
27-Jul-21,3197.55,3200,3210,3161.15,3187.95,3182.95,3185.06,1121367,3571616645,79117,736732,65.7
28-Jul-21,3182.95,3188,3204.45,3132.4,3199.9,3197.8,3169.59,1660654,5263594036,113534,954569,57.48
29-Jul-21,3197.8,3200.25,3225.45,3190.3,3194,3195.8,3207.56,1731997,5555484673,123060,1099206,63.46
30-Jul-21,3195.8,3219,3223.5,3162.35,3167.7,3167.45,3191.59,2999943,9574588336,140915,2166295,72.21
02-Aug-21,3167.45,3180,3224.9,3167,3220,3219.4,3199.51,2608669,8346453823,112175,1907700,73.13
03-Aug-21,3219.4,3229,3290,3218.95,3278.5,3284.9,3265.75,3804735,12425311115,169947,2236727,58.79
04-Aug-21,3284.9,3300,3305.2,3261.2,3275,3273.95,3280.85,2929598,9611565427,97356,1989255,67.9
05-Aug-21,3273.95,3275,3315,3262.5,3282.15,3283.95,3291.59,2534521,8342597223,101103,1358151,53.59
06-Aug-21,3283.95,3272.55,3324,3265,3311,3309.8,3299.35,2292362,7563309162,102596,1459676,63.68
09-Aug-21,3309.8,3323.9,3337,3310,3321,3322.7,3323.8,1510489,5020566711,96243,969058,64.16
10-Aug-21,3322.7,3315.6,3349.9,3315.6,3330.5,3333.9,3334.47,2040777,6804914788,100513,1237530,60.64
11-Aug-21,3333.9,3350,3360,3327.1,3348,3344.2,3344.63,1929707,6454161674,104272,1138089,58.98
12-Aug-21,3344.2,3326,3368,3326,3347,3351.75,3353.87,1310205,4394255744,84190,824872,62.96
13-Aug-21,3351.75,3360.75,3480,3357.5,3456.05,3463.4,3438.94,4363584,15006082710,217264,2132472,48.87
16-Aug-21,3463.4,3460,3494.35,3436.5,3464.75,3472.95,3470.4,2083489,7230549749,120736,1177803,56.53
17-Aug-21,3472.95,3482.1,3560.8,3463,3548,3553.05,3523.43,4336019,15277648942,189016,2704831,62.38
18-Aug-21,3553.05,3573.85,3595,3536.6,3559.8,3560.55,3564.21,2631309,9378550368,190233,1723543,65.5
20-Aug-21,3560.55,3506,3575,3500,3551.6,3559.5,3553.61,2836148,10078573269,146932,1848299,65.17
23-Aug-21,3559.5,3580,3673,3561.9,3635,3637.4,3636.99,3744176,13617518913,182578,1842890,49.22
24-Aug-21,3637.4,3657,3667.35,3594.4,3615.05,3613.2,3626.54,2511141,9106741534,140873,1556733,61.99
25-Aug-21,3613.2,3610,3697.75,3607.05,3665,3659,3667.15,2123263,7786317794,132939,995370,46.88
26-Aug-21,3659,3660,3687.6,3647.9,3655,3671.85,3666.49,1902533,6975627266,111272,1154816,60.7
27-Aug-21,3671.85,3666,3729.5,3651.1,3715,3720.15,3704.47,3944728,14613115001,146958,2524643,64
30-Aug-21,3720.15,3715,3740.35,3687.6,3709,3701.3,3717.61,2033114,7558326822,120886,1349616,66.38
31-Aug-21,3701.3,3709.4,3804.1,3703.45,3797.9,3786.45,3763.43,3207480,12071111288,118247,1862272,58.06
01-Sep-21,3786.45,3796,3816.7,3707,3715,3714.95,3742.07,2643336,9891548399,159880,1863636,70.5
02-Sep-21,3714.95,3734,3859.15,3722,3827.9,3836.75,3798.12,3403717,12927723346,147951,2036113,59.82
03-Sep-21,3836.75,3825,3856.9,3804.55,3835,3842.05,3830.31,1746812,6690825623,110739,916975,52.49
06-Sep-21,3842.05,3849.7,3877.6,3814,3847.9,3852,3842.72,1723693,6623670539,111169,978295,56.76
07-Sep-21,3852,3864,3869.95,3808.25,3823.85,3815.9,3834.63,1585039,6078043782,97123,1010493,63.75
08-Sep-21,3815.9,3810,3815,3756,3777,3774.15,3798.07,4147175,15751252747,122519,3355232,80.9
09-Sep-21,3774.15,3789.7,3808.7,3765,3793,3791.4,3787.1,1441148,5457774387,124377,720189,49.97
13-Sep-21,3791.4,3767,3852.4,3767,3841.5,3845.35,3828.3,1691473,6475463795,109836,789494,46.67
14-Sep-21,3845.35,3849.95,3896.5,3825,3880.1,3885.9,3873.73,1991188,7713316318,104679,1273237,63.94
15-Sep-21,3885.9,3882.1,3980,3866,3950,3954.55,3929.4,2461369,9671698400,120015,1222171,49.65
16-Sep-21,3954.55,3930,3981.75,3892.1,3903.05,3903.3,3931.95,2946666,11586139448,123851,2125781,72.14
17-Sep-21,3903.3,3920,3945,3805,3826.55,3827.85,3851.08,6477148,24944046353,155142,4501470,69.5
20-Sep-21,3827.85,3809,3871,3807.85,3820.05,3823.5,3837.22,2002008,7682147331,120832,1112498,55.57
21-Sep-21,3823.5,3858,3871.55,3821.65,3861.95,3862.95,3850.74,1568129,6038455605,99059,851956,54.33
22-Sep-21,3862.95,3862.5,3896.85,3852.45,3856.75,3862.15,3873.71,1744067,6756003294,93000,1015045,58.2
23-Sep-21,3862.15,3870,3879,3835,3872,3869.25,3859.54,2003869,7734019886,131024,1396484,69.69
24-Sep-21,3869.25,3890,3944.4,3855,3878.75,3871.3,3908.95,2320754,9071718890,185756,1308031,56.36
27-Sep-21,3871.3,3900,3904,3802.9,3839,3836.95,3842.81,1673362,6430415745,126569,989998,59.16
28-Sep-21,3836.95,3850,3850,3751.25,3777.05,3779.15,3784.75,2253075,8527330472,140925,1558553,69.17
29-Sep-21,3779.15,3759.8,3806,3722.15,3794.55,3791.9,3767.14,2489161,9377015958,138418,1548275,62.2
30-Sep-21,3791.9,3805,3805,3750.1,3778.7,3775.55,3773.28,2252412,8498981489,145940,1546273,68.65
01-Oct-21,3775.55,3781.75,3810,3725,3728.65,3730.2,3747.99,1578374,5915725344,132388,916682,58.08
04-Oct-21,3271.4,3730.2,3730.2,3730.2,3730.2,3730.2,3730.2,875147,3264473339,1,-,-
04-Oct-21,3730.2,3724.8,3783.65,3707.45,3779,3773.3,3762.58,1356860,5105290642,82301,783170,57.72
05-Oct-21,3773.3,3754,3840,3741.6,3839.1,3833.3,3785.15,1877966,7108385858,107053,1088332,57.95
06-Oct-21,3833.3,3836,3857.45,3795,3813.8,3810.9,3830.18,1678154,6427634316,105524,949703,56.59
07-Oct-21,3810.9,3830,3899,3820.05,3898,3892.9,3868.01,1647233,6371521151,100510,693631,42.11
08-Oct-21,3892.9,3925,3989.9,3900,3943,3935.65,3947.83,2934339,11584283175,178433,1040830,35.47
11-Oct-21,3935.65,3755,3757.5,3660,3687.95,3685.6,3702.67,11845402,43859658074,704881,6606303,55.77
12-Oct-21,3685.6,3706,3707,3630.6,3656.2,3652.85,3658.54,5752877,21047120430,371571,3799131,66.04
13-Oct-21,3652.85,3650,3675.45,3645,3658.05,3655.2,3655.85,3545655,12962366655,228263,2564283,72.32
14-Oct-21,3655.2,3625,3670,3608.2,3614.8,3611.45,3626.77,6442299,23364720249,406019,4714726,73.18
18-Oct-21,3611.45,3603.45,3652.7,3601.45,3649,3647.15,3631.23,3590107,13036517799,213590,2407286,67.05
19-Oct-21,3647.15,3669,3690.1,3625.2,3634.45,3634.15,3661.85,3135441,11481500582,191609,1815161,57.89
20-Oct-21,3634.15,3612,3630,3578.3,3607.95,3608.85,3606.05,2933693,10579039337,175675,1685241,57.44
21-Oct-21,3608.85,3604.1,3607.45,3511.25,3532.85,3532.5,3546.27,4871211,17274650005,295349,3125514,64.16
22-Oct-21,3532.5,3560,3561.6,3485,3501.85,3498.85,3511.44,2691670,9451650099,163976,1700467,63.18
25-Oct-21,3498.85,3503,3514.55,3450,3491,3492.95,3477.23,2595594,9025471434,139684,1627737,62.71
26-Oct-21,3492.95,3494.5,3529,3475,3485.9,3482.6,3494.69,3878763,13555085104,155172,2821225,72.74
27-Oct-21,3482.6,3483,3511.25,3483,3488.45,3489.75,3495.53,2510813,8776620129,122328,1766894,70.37
28-Oct-21,3489.75,3518,3518,3415,3423,3421.65,3450.19,2424942,8366511722,187690,1497979,61.77
29-Oct-21,3421.65,3400.05,3461,3385.95,3404,3397.75,3424.21,3960501,13561601568,241935,2238879,56.53
01-Nov-21,3397.75,3437.95,3487,3412.95,3482.35,3476.4,3445.74,2020718,6962871689,154841,1166862,57.74
02-Nov-21,3476.4,3494,3513.6,3469.75,3484,3484.2,3490.81,3087414,10777567153,134659,2067119,66.95
03-Nov-21,3484.2,3504.2,3519.9,3466.05,3488,3492.25,3492.58,1537639,5370327267,98779,791208,51.46
04-Nov-21,3492.25,3512.95,3513.25,3505,3508.65,3508.65,3509.12,328991,1154468248,42244,246904,75.05
08-Nov-21,3508.65,3548,3548,3481.2,3506,3502.75,3503.3,2526082,8849622222,144893,1652814,65.43
09-Nov-21,3502.75,3508,3535,3496,3503,3505.7,3508.51,1782692,6254594396,90441,1106403,62.06
10-Nov-21,3505.7,3498,3519.7,3480.2,3484.95,3484.3,3494.09,1516489,5298754956,115924,955899,63.03
11-Nov-21,3484.3,3480,3510.05,3436,3505,3488.2,3464.62,1284514,4450347032,98386,614576,47.85
12-Nov-21,3488.2,3506,3534.15,3485.7,3524,3526.05,3509.52,1747259,6132048786,98323,1086001,62.15
15-Nov-21,3526.05,3528,3569.6,3528,3550,3553.3,3554.41,1809157,6430484085,113981,1104175,61.03
16-Nov-21,3553.3,3569,3575.55,3542,3548,3556.4,3560.79,2013204,7168605744,105284,1371662,68.13
17-Nov-21,3556.4,3550.6,3562.85,3506.4,3520.8,3521.9,3533.85,1632914,5770466507,126358,1033842,63.31
18-Nov-21,3521.9,3515.15,3520.85,3451.6,3471.95,3475.7,3478.49,2136598,7432143867,135284,1367516,64
22-Nov-21,3475.7,3478.4,3515.95,3440.3,3463.75,3458.4,3482.5,3167936,11032349106,169460,2146221,67.75
23-Nov-21,3458.4,3445,3480.95,3407.8,3472,3464.25,3455.05,2153461,7440308037,160137,1449786,67.32
24-Nov-21,3464.25,3472.2,3493.05,3424,3431.95,3443.3,3469.8,2161746,7500832834,163891,1640323,75.88
25-Nov-21,3443.3,3443.9,3463,3434.05,3450,3445.9,3451.54,1849619,6384030189,102359,1294556,69.99
26-Nov-21,3445.9,3425,3490,3411.9,3439.2,3446.85,3454.4,1941251,6705853481,156945,1152929,59.39
29-Nov-21,3446.85,3447.15,3529.35,3406.45,3503.5,3502,3490.28,2981745,10407130645,206893,1648719,55.29
30-Nov-21,3502,3491,3563.75,3491,3535,3529.15,3535.48,5588446,19757846113,208979,3849797,68.89
01-Dec-21,3529.15,3535,3590,3535,3581,3577.8,3568.53,2102118,7501467335,177235,1311474,62.39
02-Dec-21,3577.8,3589.2,3648,3574.1,3637,3642.9,3614.21,3152938,11395387803,146031,2208112,70.03
03-Dec-21,3642.9,3646.45,3665.95,3630.85,3641,3640.45,3644.63,2486263,9061499107,136470,1904713,76.61
06-Dec-21,3640.45,3640.45,3658,3522,3533.8,3536.4,3585.65,1849642,6632172778,117199,1050297,56.78
07-Dec-21,3536.4,3562.5,3598,3524.3,3589.9,3584.5,3572.57,1484458,5303328386,107141,812623,54.74
08-Dec-21,3584.5,3601,3646.45,3601,3624,3626.9,3631.02,1428660,5187489132,88625,826623,57.86
09-Dec-21,3626.9,3610,3634.75,3566,3600,3601.75,3593.64,1567957,5634666502,100995,890952,56.82
10-Dec-21,3601.75,3585,3642,3575.1,3630,3636.8,3611.25,1510718,5455578667,69648,833404,55.17
13-Dec-21,3636.8,3650,3662,3601.7,3615,3609.65,3626.62,1883864,6832065638,93875,1329794,70.59
14-Dec-21,3609.65,3605,3635,3576.7,3619.95,3623.8,3618.04,1747007,6320734400,105436,1216832,69.65
15-Dec-21,3623.8,3620,3623,3558.15,3571,3570.35,3575.02,1603233,5731595940,109534,1141894,71.22
16-Dec-21,3570.35,3582,3608.45,3570,3585,3581.6,3582.96,2072320,7425032319,93950,1560825,75.32
17-Dec-21,3581.6,3602.5,3651.35,3573.7,3574.9,3584.35,3608.9,4333992,15640958964,213460,2677223,61.77
20-Dec-21,3584.35,3589,3606,3510.15,3559.3,3556.9,3569.27,2312310,8253261975,146094,1243439,53.77
21-Dec-21,3556.9,3582.65,3641.2,3566.4,3611,3608.3,3617.22,2340989,8467877602,118423,1470826,62.83
22-Dec-21,3608.3,3624,3636.8,3606.25,3628.3,3630.75,3625.84,1224328,4439223317,102255,755182,61.68
23-Dec-21,3630.75,3648,3670.5,3630,3660.65,3662.7,3656.52,1792861,6555623174,98445,1107607,61.78
24-Dec-21,3662.7,3685,3705,3644.8,3671,3670.9,3673.31,2209923,8117727562,88664,1156092,52.31
27-Dec-21,3670.9,3671,3700,3653.1,3696.5,3696.1,3684.66,1534135,5652764172,80828,866793,56.5
28-Dec-21,3696.1,3710,3725,3693.85,3706.95,3706.55,3713.05,1456218,5407012571,83968,917903,63.03
29-Dec-21,3706.55,3692.25,3719.95,3685,3688.05,3694.7,3704.9,1456923,5397758672,94120,1091321,74.91
30-Dec-21,3694.7,3681.35,3740,3680,3737,3733.75,3725.52,1966475,7326133568,105274,1296163,65.91
31-Dec-21,3733.75,3742.8,3760,3731.3,3740,3738.35,3744.51,1207141,4520149056,101227,727618,60.28
03-Jan-22,3738.35,3750,3830,3745,3815,3817.75,3807.43,2346158,8932827981,143798,1433211,61.09
04-Jan-22,3817.75,3831.1,3889.15,3811.7,3878.7,3884.75,3859.3,2488606,9604274014,141253,1539134,61.85
05-Jan-22,3884.75,3865,3870,3812.4,3856,3860.95,3847.67,1733031,6668131688,136018,988277,57.03
06-Jan-22,3860.95,3812,3835,3772,3809.95,3807.45,3802.98,1810293,6884500150,135529,995325,54.98
07-Jan-22,3807.45,3820,3864.9,3796.4,3858.9,3853.5,3839.03,2460591,9446283702,157006,1501620,61.03
10-Jan-22,3853.5,3978,3978,3861,3884,3879.85,3897.84,3937092,15346166150,247085,1687823,42.87
11-Jan-22,3879.85,3856,3925,3856,3917,3915.9,3896.96,1906106,7428014700,160870,1054450,55.32
12-Jan-22,3915.9,3925,3929,3836.55,3857,3859.9,3874.16,3203744,12411815991,241232,1866561,58.26
13-Jan-22,3859.9,3918,3923,3857,3898,3897.9,3891.72,6684507,26014258280,401435,3737081,55.91
14-Jan-22,3897.9,3877.85,3977,3860.05,3965.35,3968.15,3924.25,3348123,13138881273,213960,1768475,52.82
17-Jan-22,3968.15,3992.7,4043,3962.3,4025,4019.15,4010.33,3442604,13805980840,230947,1699919,49.38
18-Jan-22,4019.15,4033.95,4041.7,3980,3993.95,3990.6,4009.82,2389041,9579619424,185771,1635845,68.47
19-Jan-22,3990.6,4012,4012,3910.5,3914.7,3914.65,3937.16,3102539,12215195983,260043,2121306,68.37
20-Jan-22,3914.65,3910,3920,3811,3833.15,3826.55,3843.03,6176776,23737557018,349194,4962139,80.34
21-Jan-22,3826.55,3807,3851.55,3771.1,3840,3833.5,3820.58,3112358,11891026050,240408,1795708,57.7
24-Jan-22,3833.5,3840,3849.65,3740.1,3769.95,3771.35,3783.08,3258414,12326830753,288359,1827786,63.06
25-Jan-22,3771.35,3769.5,3809.4,3722.2,3765,3769.9,3763.15,3330501,12533182477,298567,2094835,62.9
27-Jan-22,3769.9,3731,3733.4,3625.1,3652,3649.25,3669.1,5718297,20981028871,473910,3887598,67.99
28-Jan-22,3649.25,3646,3729.8,3646,3697.85,3690.05,3702.94,3143862,11641524811,226989,1863034,59.26
31-Jan-22,3690.05,3749,3758,3721.4,3744.95,3736.25,3741.03,2739393,10248148872,193114,1708467,62.37
01-Feb-22,3736.25,3770,3808,3736.4,3805,3800.65,3781.44,2105169,7960578364,149564,1067316,50.7
02-Feb-22,3800.65,3827.9,3864,3800.65,3863,3856.2,3841.31,1984212,7621963890,139468,1158079,58.36
03-Feb-22,3856.2,3851,3882.5,3816.05,3819,3824.6,3850.57,1960538,7549182942,137513,1242614,63.38
04-Feb-22,3824.6,3815.3,3824.7,3769,3818,3814.9,3804.03,2307366,8777283685,160651,1415833,61.36
07-Feb-22,3814.9,3791,3831.8,3756.15,3781.8,3779,3791.19,1919149,7275863611,159690,1160277,60.46
08-Feb-22,3779,3791.55,3799.7,3721,3738,3743.45,3741.49,2946443,11024097962,209984,2092329,71.01
09-Feb-22,3743.45,3750,3777.95,3746.1,3761.65,3760.55,3761.99,1638721,6164860124,124222,1190875,72.67
10-Feb-22,3760.55,3789.8,3789.8,3758,3765.7,3770.35,3771.41,2112459,7966959378,127158,1512559,71.6
11-Feb-22,3770.35,3752.5,3752.5,3690,3693,3694.95,3703.65,3851488,14264552938,242420,2684979,69.71
14-Feb-22,3694.95,3724,3793.25,3710,3729.15,3733.75,3749.84,5951745,22318114654,452110,3157466,53.05
15-Feb-22,3733.75,3786,3835,3748,3832.95,3817.8,3784.27,3931683,14878547125,347451,2283223,58.07
16-Feb-22,3817.8,3844,3854.1,3806,3810,3813.1,3822.91,3256906,12450874614,224789,1989270,61.08
17-Feb-22,3813.1,3825,3835,3779,3783.85,3784.2,3796.61,3134372,11900002925,259784,2140343,68.29
18-Feb-22,3784.2,3769,3815.95,3757.6,3800,3793.9,3788.53,3688883,13975451807,286278,2727483,73.94
21-Feb-22,3793.9,3810,3827.8,3705.55,3719.35,3719.4,3746.53,7465922,27971335681,521065,4843446,64.87
22-Feb-22,3719.4,3650,3667.9,3570,3590,3586.4,3596.79,5408531,19453348172,334519,3214082,59.43
23-Feb-22,3586.4,3611,3622.9,3555.65,3571.9,3563.8,3581.54,2426203,8689549722,166091,1476108,60.84
24-Feb-22,3563.8,3474,3483.85,3391.1,3400.45,3401.65,3440.54,5039136,17337349379,344070,3127576,62.07
25-Feb-22,3401.65,3468,3530,3462,3525,3520.75,3508.31,2549723,8945212715,178046,1286087,50.44
28-Feb-22,3520.75,3490,3563.75,3455.9,3550.15,3554.2,3529.86,3288942,11609499908,157832,1957822,59.53
02-Mar-22,3554.2,3552.5,3571.95,3506,3549,3546.15,3537.16,2761341,9767303516,159497,1608352,58.25
03-Mar-22,3546.15,3562.85,3578.6,3530.1,3544,3544.4,3553.27,1928039,6850848054,162316,1095452,56.82
04-Mar-22,3544.4,3501.5,3561.2,3487.05,3519.8,3524.35,3525.56,2370257,8356482129,150154,1412782,59.6
07-Mar-22,3524.35,3450,3548,3431.55,3481.1,3484.9,3491.46,3054130,10663373904,240636,1842815,60.34
08-Mar-22,3484.9,3460,3609,3460,3594,3599.95,3570.91,3300992,11787552348,182907,1897296,57.48
09-Mar-22,3599.95,3605,3654,3597.05,3640.7,3632.6,3631.79,2719654,9877225027,171411,1493364,54.91
10-Mar-22,3632.6,3684,3684,3615,3621.05,3620.95,3639.93,2005441,7299662363,129608,1143533,57.02
11-Mar-22,3620.95,3603.25,3639.85,3592.85,3603,3599.15,3615.45,1623423,5869407354,119798,997926,61.47
14-Mar-22,3599.15,3580,3648.35,3580,3645,3643,3620.43,1765688,6392547279,119156,947609,53.67
15-Mar-22,3643,3659,3659,3585.4,3598,3593.9,3627.9,3651133,13245962359,154118,2937815,80.46
16-Mar-22,3593.9,3640.5,3668,3616.25,3657.55,3655.9,3640.94,3090475,11252241518,94898,2374997,76.85
17-Mar-22,3655.9,3696.6,3710,3660.3,3674.95,3672.75,3685.79,3600452,13270520963,139747,2281677,63.37
21-Mar-22,3672.75,3696,3713.95,3615,3620,3626.7,3650.28,2413831,8811169625,131933,1443014,59.78
22-Mar-22,3626.7,3640,3711,3625,3704.95,3700.95,3674.13,2907611,10682934318,124599,1931906,66.44
23-Mar-22,3700.95,3708,3729.8,3690,3710,3712.4,3708.22,1596195,5919042115,82816,803477,50.34
24-Mar-22,3712.4,3700,3758.2,3695,3740.5,3749.85,3741.33,1879046,7030133317,86810,1248970,66.47
25-Mar-22,3749.85,3759.9,3779.5,3672,3710,3707.45,3716.53,1690133,6281432592,101622,951033,56.27
28-Mar-22,3707.45,3695,3713,3661.2,3700,3707.7,3689.86,1760990,6497804966,119630,878863,49.91
29-Mar-22,3707.7,3694.75,3722,3691,3701,3705.35,3707.08,2689063,9968577739,166424,1876469,69.78
30-Mar-22,3705.35,3738,3738,3706.2,3730,3731.55,3723.34,1583455,5895744278,109724,1071594,67.67
31-Mar-22,3731.55,3740,3754.65,3720.2,3742.85,3739.95,3743.43,2168110,8116163209,146788,1597155,73.67
01-Apr-22,3739.95,3748,3763,3728.05,3759,3758.75,3747.37,1387014,5197652138,91136,897433,64.7
04-Apr-22,3758.75,3762,3780,3737.1,3771,3770.35,3767.16,1472994,5548997655,101419,919895,62.45
05-Apr-22,3770.35,3772,3835.6,3772,3812.5,3814.8,3813.04,2314947,8826982343,163963,1228409,53.06
06-Apr-22,3814.8,3809.3,3809.3,3731.15,3752,3755.35,3761.93,2051729,7718464770,132368,1245604,60.71
07-Apr-22,3755.35,3745.5,3745.5,3679,3682.95,3684.15,3705.25,2494829,9243973241,149240,1814089,72.71
08-Apr-22,3684.15,3690,3705,3642.5,3690.05,3685.65,3677.34,2296773,8446026504,134082,1503584,65.47
11-Apr-22,3685.65,3690,3712.35,3656.1,3699,3696.4,3690.42,2291660,8457191678,171882,1175930,51.31
12-Apr-22,3696.4,3683,3739,3648.35,3686,3691.1,3706.35,4483476,16617340655,254563,1662462,37.08
13-Apr-22,3691.1,3707,3709.85,3655.55,3664.95,3661.95,3673.55,1621672,5957287430,103822,871209,53.72
18-Apr-22,3661.95,3610,3610,3522.5,3531.8,3528.05,3548.77,3820792,13559130604,324929,2676562,70.05
19-Apr-22,3528.05,3550,3563.55,3439.15,3462,3471.9,3508.54,3170014,11122129457,208443,2190202,69.09
20-Apr-22,3471.9,3500,3569.15,3480,3558,3556.8,3546.74,2640370,9364702419,185024,1703183,64.51
21-Apr-22,3556.8,3580,3644,3567.4,3621,3628.65,3619.23,2280996,8255439639,136751,1468817,64.39
22-Apr-22,3628.65,3581.1,3617,3571.5,3613,3612.55,3602.06,1581465,5696536819,93552,992489,62.76
25-Apr-22,3612.55,3558,3584,3533.1,3546.05,3548.2,3557.8,1960694,6975753256,146368,1249532,63.73
26-Apr-22,3548.2,3575.15,3587.9,3518.15,3544,3546.3,3550.67,1943469,6900626736,139910,1223001,62.93
27-Apr-22,3546.3,3546,3568.45,3506.3,3560,3561.2,3540.41,1727648,6116579203,111612,1068875,61.87
28-Apr-22,3561.2,3588,3604.4,3538.05,3580,3584.3,3574.03,1703660,6088933926,122574,1117294,65.58
29-Apr-22,3584.3,3597,3623.25,3536.85,3548,3546.7,3576.78,2051115,7336393455,107015,1349216,65.78
02-May-22,3546.7,3519.9,3547.95,3492.75,3538.7,3542.4,3520.91,1324161,4662247238,118662,837858,63.27
04-May-22,3542.4,3538.5,3545.45,3465.3,3483.8,3479.75,3511.35,2305825,8096556485,174763,1533599,66.51
05-May-22,3479.75,3512.1,3533,3485.35,3508.75,3513.4,3511.1,1612262,5660812779,93993,994905,61.71
06-May-22,3513.4,3459,3474.5,3424.5,3443.15,3432.6,3444.54,2010812,6926321263,184661,1157843,57.58
09-May-22,3432.6,3398,3456,3346.85,3445.05,3445.1,3410.95,2481830,8465389113,163369,1520203,61.25
10-May-22,3445.1,3434,3464.8,3422,3439.5,3438.75,3448.48,1622685,5595800072,145050,1116707,68.82
11-May-22,3438.75,3435,3448.45,3382.15,3422.25,3412,3411.67,1841769,6283511939,144928,1066170,57.89
12-May-22,3412,3378,3449.7,3350.1,3413.25,3408.65,3415.9,2807195,9589106458,194805,1630791,58.09
13-May-22,3408.65,3435,3439.9,3382.15,3409,3414.9,3409.83,2187823,7460096134,148468,1326058,60.61
16-May-22,3414.9,3415,3430,3366.6,3385,3376.8,3399.01,1195813,4064578940,84979,698049,58.37
17-May-22,3376.8,3370,3467,3350.4,3466.75,3451.6,3410.54,1754076,5982349029,126169,1022602,58.3
18-May-22,3451.6,3465,3495,3443.05,3455,3448.8,3467.64,1866781,6473331671,114108,1166592,62.49
19-May-22,3448.8,3397,3405,3230,3271.9,3261.95,3300.3,4642963,15323179100,377211,2952123,63.58
20-May-22,3261.95,3310,3313.9,3270.05,3299,3293,3291.06,3065125,10087497474,157647,1971441,64.32
23-May-22,3293,3304.8,3338.9,3267,3317.1,3321.75,3310.62,2293690,7593529392,139905,1387824,60.51
24-May-22,3321.75,3315.15,3324.85,3275.6,3291.9,3288,3295.55,1711510,5640372449,113563,1040626,60.8
25-May-22,3288,3292.85,3292.85,3154.05,3165.25,3167.65,3195.48,3548046,11337725212,234787,2233846,62.96
26-May-22,3167.65,3191,3241.5,3180.55,3229.95,3226.95,3203.65,2813186,9012456721,180988,1819586,64.68
27-May-22,3226.95,3253.2,3278.9,3229.2,3266.7,3261.3,3254.66,3103153,10099703415,180755,2076287,66.91
30-May-22,3261.3,3297,3386.6,3286.35,3380.4,3375.25,3357.16,2094624,7031980225,157476,1253589,59.85
31-May-22,3375.25,3354.15,3383.4,3325,3365,3364.35,3361.72,4840965,16273981442,121044,3642745,75.25
01-Jun-22,3364.35,3388,3388,3340.05,3359.15,3355.2,3361.69,1493835,5021809192,104290,989283,66.22
02-Jun-22,3355.2,3355,3432,3346.3,3425,3423,3406.45,2657939,9054131664,136202,1563997,58.84
03-Jun-22,3423,3459.4,3477.3,3431.2,3439.5,3440.15,3461.63,1913622,6624247294,100866,1116753,58.36
06-Jun-22,3440.15,3418,3453,3377.15,3432.95,3430.95,3418.11,1084210,3705944243,73792,538450,49.66
07-Jun-22,3430.95,3401.05,3418.85,3356,3360,3362.7,3375.14,2308256,7790697239,97752,1498669,64.93
08-Jun-22,3362.7,3380.15,3413.95,3346.5,3390.4,3404.15,3380.99,2185707,7389860341,108659,1330224,60.86
09-Jun-22,3404.15,3385,3437,3353.1,3434.1,3427.1,3407.19,1279197,4358469058,93783,696532,54.45
10-Jun-22,3427.1,3382,3393,3352,3357.75,3359.9,3368.98,1527582,5146399356,104326,993710,65.05
13-Jun-22,3359.9,3290,3293,3192.45,3224,3219.6,3232.62,3030921,9797812417,205631,2138257,70.55
14-Jun-22,3219.6,3190,3238.9,3174.7,3215,3210.55,3217.07,2611493,8401363540,124729,1741127,66.67
15-Jun-22,3210.55,3218.5,3234,3201,3205,3206.3,3216.29,1404536,4517400464,70725,825277,58.76
16-Jun-22,3206.3,3240,3244.85,3133.05,3144.5,3142,3183.97,2032028,6469922975,130733,1207357,59.42
17-Jun-22,3142,3092,3118.75,3023.85,3104,3088.9,3070.68,5240434,16091675327,251011,2845988,54.31
20-Jun-22,3088.9,3094,3138.75,3069,3134.95,3112.4,3107.87,1502769,4670409474,115135,640878,42.65
21-Jun-22,3112.4,3130,3237.75,3125.4,3215,3211.95,3199.94,2964461,9486098259,128742,1747330,58.94
22-Jun-22,3211.95,3199.9,3250.55,3183,3225.3,3222.95,3220.58,3336315,10744867622,156829,2075091,62.2
23-Jun-22,3222.95,3222.95,3318,3222.95,3312.95,3308.8,3278.6,3692578,12106470991,185416,2069270,71.86
24-Jun-22,3308.8,3339,3345,3277.5,3295.05,3293.1,3301.37,2132118,7038903961,138562,1204459,56.49
27-Jun-22,3293.1,3350,3362.9,3306.5,3314,3314.7,3332.08,2037686,6789735530,97090,1223301,60.03
28-Jun-22,3314.7,3307,3330,3272.6,3318.15,3318.15,3303.05,1400046,4624422761,84893,763205,54.51
29-Jun-22,3318.15,3271,3333,3271,3287,3290.5,3305.83,2133994,7054630628,107778,1270605,59.54
30-Jun-22,3290.5,3272,3310.9,3255,3264.5,3267.1,3277.18,2719603,8912636837,162335,1691349,62.19
01-Jul-22,3267.1,3260,3333,3252.05,3331,3315.1,3280.6,1502879,4930350508,112046,940958,62.61
04-Jul-22,3315.1,3312,3317.95,3225.05,3234.7,3235.05,3253.31,2622535,8531914981,141398,1700576,64.84
05-Jul-22,3235.05,3255,3272,3206.95,3218,3216.3,3242.04,2170627,7037266408,112716,1260668,58.08
06-Jul-22,3216.3,3218.5,3268.5,3202.25,3265,3260.75,3241.31,2182144,7072998934,133193,1290203,59.13
07-Jul-22,3260.75,3271,3319.4,3265.05,3294,3287.85,3297.43,1989921,6561634409,134817,1059067,53.22
08-Jul-22,3287.85,3300,3305,3250,3266,3265.45,3276.37,2136916,7001326022,124842,1169844,54.74
11-Jul-22,3265.45,3206.15,3225,3106,3112,3113.8,3129.6,6974600,21827698063,380075,3636712,52.14
12-Jul-22,3113.8,3114.9,3136.2,3080.25,3084.5,3084.7,3107.29,3734815,11605153007,205086,2079781,55.69
13-Jul-22,3084.7,3104,3110,3035,3040.5,3038.75,3062.02,3863530,11830187593,235688,2508061,64.92
14-Jul-22,3038.75,3056,3057,2967,3003,2998.75,3005.59,4764908,14321341707,300086,2817124,59.12
15-Jul-22,2998.75,3018.55,3028.9,2953,2998.5,2994.6,2989.48,4574806,13676285883,214162,2862510,62.57
18-Jul-22,2994.6,3023,3076.95,3014.3,3065.9,3063.5,3054.22,3202795,9782050620,188515,1699159,53.05
19-Jul-22,3063.5,3030.05,3078.95,3030.05,3076,3074.25,3064.79,1865074,5716058996,114155,989715,53.07
20-Jul-22,3074.25,3107.8,3171.95,3098.05,3161,3164.8,3143.09,3402251,10693565035,181848,2098351,61.68
21-Jul-22,3164.8,3167,3184,3144.05,3178.95,3177.3,3170.4,2420640,7674387203,133492,1285640,53.11
22-Jul-22,3177.3,3185,3197,3143.5,3171.15,3171,3166.46,2075886,6573218211,111772,1190020,57.33
25-Jul-22,3730.2,3171,3171,3171,3171,3171,3171,1255472,3981101712,1,-,-
25-Jul-22,3171,3165,3186.45,3149.1,3165,3166.75,3166.57,1797504,5691923032,100813,1068651,59.45
26-Jul-22,3166.75,3164.7,3168.9,3096.5,3118,3115.9,3123.14,2639367,8243104172,123369,1592860,60.35
27-Jul-22,3115.9,3115,3194.1,3110,3188,3188.85,3158.21,1389808,4389301769,91855,763038,54.9
28-Jul-22,3188.85,3216,3264,3201.65,3262,3260.5,3242.1,2106333,6828945291,148541,1021359,48.49
29-Jul-22,3260.5,3290,3317.3,3275,3302,3301.9,3296.55,2430257,8011473475,114501,1424468,58.61
01-Aug-22,3301.9,3327,3327,3271,3298.65,3298.8,3296.68,1306913,4308478419,116856,692180,52.96
02-Aug-22,3298.8,3290,3312.9,3271.65,3284,3291.8,3289.68,1269114,4174984484,93507,656936,51.76
03-Aug-22,3291.8,3280,3349,3277.05,3337,3339.5,3321.55,2895824,9618626910,156174,1538246,53.12
04-Aug-22,3339.5,3350,3387.9,3307.35,3355,3354.95,3349.96,2150567,7204319594,152934,1027973,47.8
05-Aug-22,3354.95,3361.2,3377,3355,3363.8,3365.05,3365.23,1106933,3725084735,75240,628702,56.8
08-Aug-22,3171,3365.05,3365.05,3365.05,3365.05,3365.05,3365.05,1255473,4224729419,1,-,-
08-Aug-22,3365.05,3365,3378.9,3336,3375.85,3374.45,3363.48,1068836,3595004758,82770,674222,63.08
10-Aug-22,3374.45,3385,3385,3335,3351.8,3354.25,3350.01,1878359,6292520967,125360,1337988,71.23
11-Aug-22,3354.25,3400,3428.7,3375.05,3417,3422.5,3413.08,1449248,4946406505,122934,776232,53.56
12-Aug-22,3422.5,3419,3419,3381.25,3402,3401.55,3397.98,1472354,5003036073,75873,922101,62.63
16-Aug-22,3401.55,3411,3414.85,3387.5,3391.8,3392.7,3398.38,839942,2854442798,53268,475910,56.66
17-Aug-22,3392.7,3385.1,3417.95,3371.1,3393.35,3401.1,3402.12,1622326,5519350289,98890,941635,58.04
18-Aug-22,3401.1,3390,3392,3362,3381,3381.25,3375.17,1430659,4828722796,84565,903095,63.12
19-Aug-22,3381.25,3387,3421.5,3371.25,3386.95,3385.75,3393.88,1398410,4746031534,79927,703549,50.31
22-Aug-22,3385.75,3365,3384.1,3347.4,3354,3354.55,3363.18,1536532,5167628744,106447,1105238,71.93
23-Aug-22,3354.55,3319.95,3341.9,3270,3301.15,3284.6,3297.88,1849256,6098625602,164215,1011973,54.72
24-Aug-22,3284.6,3292,3308,3250.2,3254.1,3255.35,3261.82,1691923,5518743574,122084,995741,58.85
25-Aug-22,3255.35,3276,3278.15,3214.75,3218,3218.2,3240.2,1946930,6308445527,139860,1217432,62.53
26-Aug-22,3218.2,3234.3,3257,3216.8,3223.95,3222.2,3237.48,1457962,4720129749,100672,840396,57.64
29-Aug-22,3222.2,3125,3142.7,3081,3139.85,3132.55,3122.43,2539173,7928396114,218828,1546883,60.92
30-Aug-22,3132.55,3155,3226.5,3142.1,3210,3211.15,3191.87,3431525,10952979383,123249,2145710,62.53
01-Sep-22,3211.15,3190,3190,3121,3136,3131.7,3138.65,3546935,11132600020,262677,2222198,62.65
02-Sep-22,3131.7,3163,3163,3120.3,3127.4,3130.4,3136.35,2052900,6438622875,135641,1283634,62.53
05-Sep-22,3130.4,3123.65,3147.95,3112.25,3140,3133.4,3135.2,2147912,6734130930,108628,1483879,69.08
06-Sep-22,3133.4,3135.5,3140.85,3106.35,3127,3127.05,3123.4,1936453,6048310102,130549,1251306,64.62
07-Sep-22,3127.05,3102,3161.9,3102,3153,3149.6,3135.29,1291534,4049333273,89078,555995,43.05
08-Sep-22,3149.6,3170,3183.5,3160.1,3164.4,3169.65,3169.6,1346113,4266640132,68717,795911,59.13
09-Sep-22,3169.65,3195,3233.5,3168.5,3220,3217.65,3201.3,1561185,4997828186,103256,728411,46.66
12-Sep-22,3217.65,3239.9,3269.8,3225,3238,3242.95,3251.63,1785928,5807179275,117081,979563,54.85
13-Sep-22,3242.95,3263.45,3263.45,3225,3233,3229.35,3237.09,1972678,6385743761,116114,1409613,71.46
14-Sep-22,3229.35,3135,3141.4,3113.8,3125,3120.4,3124.97,5090269,15906935574,292423,2993544,58.81
15-Sep-22,3120.4,3130,3137.75,3100,3105.5,3104.35,3111.64,2138023,6652758362,154835,1330626,62.24
16-Sep-22,3104.35,3076,3094.35,3000,3015.8,3008.7,3027.2,5322221,16111401563,347665,3527573,66.28
19-Sep-22,3008.7,3036,3042,2987.8,3027.95,3028.8,3024.49,2072220,6267402983,151579,1163039,56.13
20-Sep-22,3028.8,3050,3079.95,3030,3033,3040.3,3059.63,1544295,4724964010,123732,818645,53.01
21-Sep-22,3040.3,3028,3041.4,2998.15,3001.9,3001.2,3011.58,2253818,6787559960,201995,1590408,70.57
22-Sep-22,3001.2,2990,3029.95,2979.3,3008.5,3007.4,3010.71,2017983,6075562180,137752,1200581,59.49
23-Sep-22,3007.4,3004,3022.5,2979,2986.65,2982.05,3001.09,2652374,7960014549,187233,1650283,62.22
26-Sep-22,2982.05,2959.85,3025.85,2926.1,3000,2994.4,2977.75,2925489,8711383906,167767,1748393,59.76
27-Sep-22,2994.4,3009.4,3025,2976,3024.4,3017.45,3005.33,2227447,6694221180,131328,1038045,59.8
28-Sep-22,3017.45,2980,3049.95,2980,3028.35,3035.65,3028.75,2739767,8298067347,151305,1836022,67.01
29-Sep-22,3035.65,3054,3055.85,2990,3010,2997.3,3009.23,2493902,7504729875,133642,1617742,64.87
30-Sep-22,2997.3,2990.85,3019.7,2950.1,3007.45,3004.55,2983.2,2817353,8404726256,171103,1650781,58.59
03-Oct-22,3365.05,3004.55,3004.55,3004.55,3004.55,3004.55,3004.55,1154754,3469516131,1,-,-
03-Oct-22,3004.55,2995,3020.7,2974,2988,2984.95,2994.74,1763331,5280709075,107448,1030275,58.43
04-Oct-22,2984.95,3029.95,3098,3023,3097,3091.15,3072.95,2145875,6594168773,124233,1076883,50.18
06-Oct-22,3091.15,3111,3124,3092.45,3093,3101.95,3107.06,1790816,5564164292,119572,1104816,61.69
07-Oct-22,3101.95,3097.4,3105,3058.1,3068,3064.9,3074.46,1939879,5964085469,103889,1170494,60.34
10-Oct-22,3064.9,3010,3127,3005,3124,3118.55,3093.78,3064063,9479526763,166518,1184324,38.65
11-Oct-22,3118.55,3100,3145,3053.35,3064,3069.55,3093.36,4730645,14633572937,236043,1381250,29.2
12-Oct-22,3069.55,3084.9,3109.9,3062.05,3099,3100.75,3094.12,1665247,5152468427,103190,723677,43.46
13-Oct-22,3100.75,3100.75,3110,3052.35,3100,3103.3,3082.55,2054781,6333960811,104137,1129490,54.97
14-Oct-22,3103.3,3145,3150,3071,3101,3099.15,3116.51,2245977,6999611483,118456,1086310,48.37
17-Oct-22,3099.15,3072.65,3128.4,3071.45,3110,3111.75,3107.1,1517005,4713487676,100859,809347,53.35
18-Oct-22,3111.75,3150,3155.35,3128.55,3137,3144.7,3143.06,1793722,5637773527,94404,1137170,63.4
19-Oct-22,3144.7,3159,3159,3112,3117.3,3121.85,3129.01,1194289,3736938204,72626,640341,53.62
20-Oct-22,3121.85,3105,3160,3105,3157.95,3157.3,3144.51,1587601,4992227693,94048,929125,58.52
21-Oct-22,3157.3,3157.8,3160.4,3127,3137.3,3137.4,3141.55,1021913,3210389407,45961,408212,50.2
24-Oct-22,3137.4,3170.1,3178,3155,3155,3161.7,3166.78,260949,826368581.4,25561,147148,56.39
25-Oct-22,3004.55,3161.7,3161.7,3161.7,3161.7,3161.7,3161.7,751017,2374490449,1,-,-
25-Oct-22,3161.7,3180.5,3184.25,3151.15,3160.15,3162.1,3166.2,2069643,6552904042,99745,1453555,70.23
27-Oct-22,3162.1,3160.7,3174,3134.35,3162.05,3157.4,3161.23,2438421,7708420717,130001,1750099,71.77
28-Oct-22,3157.4,3150,3178.5,3145,3161.1,3163.25,3164.3,1355739,4289958377,71311,720453,76.5
31-Oct-22,3163.25,3199,3199,3177.8,3180.25,3193.15,3191.67,1919414,6126138001,94303,1357025,70.7
01-Nov-22,3193.15,3214.5,3262.6,3203.45,3259,3259.7,3241.57,2991060,9695742088,149009,1977185,66.1
02-Nov-22,3259.7,3270,3270,3222.05,3239,3241.7,3240.22,1405955,4555596592,94898,970651,69.04
03-Nov-22,3241.7,3228.05,3228.05,3195,3207,3206.75,3206.14,1422652,4561227425,84814,868245,61.03
04-Nov-22,3206.75,3217,3220.05,3166.15,3220,3217.4,3192.04,1464013,4673187843,72621,841065,57.45
07-Nov-22,3217.4,3229,3242.8,3195.1,3230.8,3233.7,3222.99,1474498,4752289070,119792,962738,65.29
09-Nov-22,3233.7,3249.8,3249.8,3201.65,3210,3216.05,3223.43,1162267,3746480720,76155,703211,60.5
10-Nov-22,3216.05,3170,3225,3170,3205,3205.65,3208.21,1573092,5046813082,107924,955330,60.73
11-Nov-22,3205.65,3269.6,3341.6,3255.05,3315,3315.95,3315.61,3265394,10826779196,196708,2031567,62.22
14-Nov-22,3161.7,3315.95,3315.95,3315.95,3315.95,3315.95,3315.95,1395939,4628863927,1,-,-
14-Nov-22,3315.95,3324,3349,3309,3332,3335.5,3332.83,1342074,4472908371,95353,774220,57.69
15-Nov-22,3335.5,3321,3339.95,3292,3338.9,3332.6,3313.99,1400708,4641936510,83190,791681,56.52
16-Nov-22,3332.6,3338.9,3367.9,3321.45,3360,3355.35,3353.2,1748235,5862175998,103674,765354,51.89
17-Nov-22,3355.35,3340,3360,3317.75,3342.2,3349,3342.56,1417986,4739701186,88776,834384,58.84
18-Nov-22,3349,3350,3362.75,3321,3343.5,3343.45,3340.88,1164540,3890590267,76531,661585,56.81
21-Nov-22,3343.45,3322.5,3333.7,3273,3282.8,3283.5,3295.97,1304194,4298580760,84298,816050,62.57
22-Nov-22,3283.5,3280,3318.95,3255.25,3311,3314.95,3287.74,1149739,3780048017,70513,636953,55.4
23-Nov-22,3314.95,3330,3330,3291,3306,3308.3,3309.1,1150011,3805502589,66618,636807,55.37
24-Nov-22,3308.3,3316.25,3392.95,3308.3,3383,3380.15,3355.29,1296591,4350438251,79969,723635,55.81
25-Nov-22,3380.15,3383,3403.35,3348,3384,3389.65,3374.67,1588981,5362286252,100208,840407,52.89
28-Nov-22,3389.65,3366,3417,3365.55,3392,3395.25,3395.48,2195437,7454568769,112975,1314425,59.87
29-Nov-22,3395.25,3383,3429,3383,3390,3397.35,3411.59,1576028,5376768884,125430,1021300,64.8
30-Nov-22,3397.35,3383,3414.9,3375,3401,3390.8,3394.24,3410702,11576734182,130194,2501862,73.35
01-Dec-22,3390.8,3425,3480,3420,3473.2,3475.65,3465.56,2180856,7557896563,142859,1034714,47.45
02-Dec-22,3475.65,3458.1,3468.9,3413,3437.1,3439.15,3431.97,2411749,8277056081,145867,1359185,56.36
05-Dec-22,3439.15,3433,3439.15,3407,3425,3425.9,3418.7,1475065,5042803818,97290,920179,62.38
06-Dec-22,3425.9,3400.05,3407.95,3368,3383.15,3385.35,3382.5,1166999,3947373986,107645,608951,52.18
07-Dec-22,3385.35,3368.3,3393.7,3354,3370,3380.6,3373.53,1167505,3938618104,69818,593778,50.86
